total,bonds,angles,improper,dihe,vdw,elec,air,cdih,coup,rdcs,vean,dani,xpcs,rg,desolv,bsa,experiment_id,model_name,haddock_score,best_model
-366.545, 0, 0, 0, 0, -71.0052, -295.54, 0, 0, 0, 0, 0, 0, 0, 0,-13.1443,1913.26,FLD194__YP_308669.1,mdscoring_2.pdb,-143.26,True
-374.306, 0, 0, 0, 0, -57.8712, -316.435, 0, 0, 0, 0, 0, 0, 0, 0,-7.03946,1699.06,FLD194__YP_308669.1,mdscoring_8.pdb,-128.2,False
-351.645, 0, 0, 0, 0, -62.1045, -289.54, 0, 0, 0, 0, 0, 0, 0, 0,-6.02133,1765.15,FLD194__YP_308669.1,mdscoring_10.pdb,-126.03,False
-341.893, 0, 0, 0, 0, -59.1243, -282.768, 0, 0, 0, 0, 0, 0, 0, 0,-8.031,1714.84,FLD194__YP_308669.1,mdscoring_5.pdb,-123.71,False
-347.168, 0, 0, 0, 0, -59.7354, -287.432, 0, 0, 0, 0, 0, 0, 0, 0,-6.44042,1759.46,FLD194__YP_308669.1,mdscoring_3.pdb,-123.66,False
-331.718, 0, 0, 0, 0, -64.0747, -267.643, 0, 0, 0, 0, 0, 0, 0, 0,-5.00097,1674.43,FLD194__YP_308669.1,mdscoring_6.pdb,-122.6,False
-370.088, 0, 0, 0, 0, -54.3213, -315.767, 0, 0, 0, 0, 0, 0, 0, 0,-3.20211,1665.87,FLD194__YP_308669.1,mdscoring_1.pdb,-120.68,False
-334.487, 0, 0, 0, 0, -59, -275.487, 0, 0, 0, 0, 0, 0, 0, 0,-6.34285,1838.05,FLD194__YP_308669.1,mdscoring_4.pdb,-120.44,False
-296.706, 0, 0, 0, 0, -66.7588, -229.947, 0, 0, 0, 0, 0, 0, 0, 0,-4.64817,1788.1,FLD194__YP_308669.1,mdscoring_9.pdb,-117.4,False
-275.027, 0, 0, 0, 0, -62.9796, -212.047, 0, 0, 0, 0, 0, 0, 0, 0,-10.997,1775.86,FLD194__YP_308669.1,mdscoring_7.pdb,-116.39,False
-354.275, 0, 0, 0, 0, -73.2893, -280.986, 0, 0, 0, 0, 0, 0, 0, 0,3.94494,1774.51,H5.3__YP_308669.1,mdscoring_1.pdb,-125.54,True
-326.753, 0, 0, 0, 0, -65.2917, -261.462, 0, 0, 0, 0, 0, 0, 0, 0,2.21142,1659.79,H5.3__YP_308669.1,mdscoring_3.pdb,-115.37,False
-356.5, 0, 0, 0, 0, -65.2842, -291.216, 0, 0, 0, 0, 0, 0, 0, 0,9.26398,1713.05,H5.3__YP_308669.1,mdscoring_5.pdb,-114.26,False
-298.629, 0, 0, 0, 0, -72.3884, -226.241, 0, 0, 0, 0, 0, 0, 0, 0,6.68557,1753.06,H5.3__YP_308669.1,mdscoring_9.pdb,-110.95,False
-273.153, 0, 0, 0, 0, -71.363, -201.79, 0, 0, 0, 0, 0, 0, 0, 0,4.28375,1771.78,H5.3__YP_308669.1,mdscoring_10.pdb,-107.44,False
-283.393, 0, 0, 0, 0, -64.9398, -218.453, 0, 0, 0, 0, 0, 0, 0, 0,6.79911,1622.74,H5.3__YP_308669.1,mdscoring_7.pdb,-101.83,False
-274.809, 0, 0, 0, 0, -63.0229, -211.786, 0, 0, 0, 0, 0, 0, 0, 0,6.37744,1602.4,H5.3__YP_308669.1,mdscoring_4.pdb,-99.0,False
-285.989, 0, 0, 0, 0, -59.0058, -226.983, 0, 0, 0, 0, 0, 0, 0, 0,8.46769,1621.06,H5.3__YP_308669.1,mdscoring_8.pdb,-95.93,False
-272.66, 0, 0, 0, 0, -58.9378, -213.722, 0, 0, 0, 0, 0, 0, 0, 0,10.1598,1641.99,H5.3__YP_308669.1,mdscoring_2.pdb,-91.52,False
-272.247, 0, 0, 0, 0, -52.4595, -219.787, 0, 0, 0, 0, 0, 0, 0, 0,7.48181,1598.5,H5.3__YP_308669.1,mdscoring_6.pdb,-88.94,False
-318.151, 0, 0, 0, 0, -115.665, -202.486, 0, 0, 0, 0, 0, 0, 0, 0,-47.2402,2785.14,65C6__YP_308669.1,mdscoring_2.pdb,-203.4,True
-283.399, 0, 0, 0, 0, -119.104, -164.296, 0, 0, 0, 0, 0, 0, 0, 0,-49.2762,2766.82,65C6__YP_308669.1,mdscoring_9.pdb,-201.24,False
-271.966, 0, 0, 0, 0, -113.288, -158.677, 0, 0, 0, 0, 0, 0, 0, 0,-45.4869,2668.39,65C6__YP_308669.1,mdscoring_4.pdb,-190.51,False
-285.838, 0, 0, 0, 0, -115.481, -170.357, 0, 0, 0, 0, 0, 0, 0, 0,-39.5163,2729.88,65C6__YP_308669.1,mdscoring_6.pdb,-189.07,False
-266.808, 0, 0, 0, 0, -118.555, -148.253, 0, 0, 0, 0, 0, 0, 0, 0,-40.6075,2802.54,65C6__YP_308669.1,mdscoring_5.pdb,-188.81,False
-251.831, 0, 0, 0, 0, -103.047, -148.785, 0, 0, 0, 0, 0, 0, 0, 0,-43.3427,2540.26,65C6__YP_308669.1,mdscoring_1.pdb,-176.15,False
-309.98, 0, 0, 0, 0, -97.5411, -212.439, 0, 0, 0, 0, 0, 0, 0, 0,-32.2992,2627.81,65C6__YP_308669.1,mdscoring_8.pdb,-172.33,False
-216.225, 0, 0, 0, 0, -94.2528, -121.973, 0, 0, 0, 0, 0, 0, 0, 0,-40.9012,2632.76,65C6__YP_308669.1,mdscoring_3.pdb,-159.55,False
-229.711, 0, 0, 0, 0, -97.9028, -131.808, 0, 0, 0, 0, 0, 0, 0, 0,-33.9544,2533.66,65C6__YP_308669.1,mdscoring_7.pdb,-158.22,False
-216.365, 0, 0, 0, 0, -92.9018, -123.463, 0, 0, 0, 0, 0, 0, 0, 0,-38.0421,2560.98,65C6__YP_308669.1,mdscoring_10.pdb,-155.64,False
-273.023, 0, 0, 0, 0, -59.5087, -213.514, 0, 0, 0, 0, 0, 0, 0, 0,-6.44934,1774.16,100F4__YP_308669.1,mdscoring_2.pdb,-108.66,True
-263.006, 0, 0, 0, 0, -59.471, -203.535, 0, 0, 0, 0, 0, 0, 0, 0,-2.93979,1749.73,100F4__YP_308669.1,mdscoring_1.pdb,-103.12,False
-227.108, 0, 0, 0, 0, -59.0666, -168.042, 0, 0, 0, 0, 0, 0, 0, 0,-5.70807,1648.9,100F4__YP_308669.1,mdscoring_7.pdb,-98.38,False
-232.02, 0, 0, 0, 0, -61.5103, -170.51, 0, 0, 0, 0, 0, 0, 0, 0,-1.95799,1711.52,100F4__YP_308669.1,mdscoring_5.pdb,-97.57,False
-179.864, 0, 0, 0, 0, -59.6184, -120.246, 0, 0, 0, 0, 0, 0, 0, 0,-5.97837,1602.59,100F4__YP_308669.1,mdscoring_8.pdb,-89.65,False
-234.271, 0, 0, 0, 0, -51.6525, -182.619, 0, 0, 0, 0, 0, 0, 0, 0,-0.61972,1482.17,100F4__YP_308669.1,mdscoring_6.pdb,-88.8,False
-241.776, 0, 0, 0, 0, -54.8932, -186.883, 0, 0, 0, 0, 0, 0, 0, 0,3.95852,1586.06,100F4__YP_308669.1,mdscoring_9.pdb,-88.31,False
-178.927, 0, 0, 0, 0, -51.5314, -127.396, 0, 0, 0, 0, 0, 0, 0, 0,-10.9465,1507.44,100F4__YP_308669.1,mdscoring_4.pdb,-87.96,False
-248.387, 0, 0, 0, 0, -42.0628, -206.324, 0, 0, 0, 0, 0, 0, 0, 0,-1.05531,1640.83,100F4__YP_308669.1,mdscoring_3.pdb,-84.38,False
-151.218, 0, 0, 0, 0, -51.2588, -99.959, 0, 0, 0, 0, 0, 0, 0, 0,-11.4854,1610.6,100F4__YP_308669.1,mdscoring_10.pdb,-82.74,False
-405.459, 0, 0, 0, 0, -83.3447, -322.115, 0, 0, 0, 0, 0, 0, 0, 0,-17.7333,2167.31,3C11__YP_308669.1,mdscoring_3.pdb,-165.5,True
-379.146, 0, 0, 0, 0, -89.1382, -290.008, 0, 0, 0, 0, 0, 0, 0, 0,-15.5106,2037.27,3C11__YP_308669.1,mdscoring_5.pdb,-162.65,False
-353.124, 0, 0, 0, 0, -79.9833, -273.14, 0, 0, 0, 0, 0, 0, 0, 0,-25.2233,2048.24,3C11__YP_308669.1,mdscoring_1.pdb,-159.83,False
-365.069, 0, 0, 0, 0, -83.1899, -281.879, 0, 0, 0, 0, 0, 0, 0, 0,-19.9751,2085.61,3C11__YP_308669.1,mdscoring_9.pdb,-159.54,False
-333.076, 0, 0, 0, 0, -78.2428, -254.833, 0, 0, 0, 0, 0, 0, 0, 0,-25.9553,2052.33,3C11__YP_308669.1,mdscoring_7.pdb,-155.16,False
-349.402, 0, 0, 0, 0, -76.4395, -272.962, 0, 0, 0, 0, 0, 0, 0, 0,-20.1318,1866.55,3C11__YP_308669.1,mdscoring_2.pdb,-151.16,False
-348.639, 0, 0, 0, 0, -68.4097, -280.229, 0, 0, 0, 0, 0, 0, 0, 0,-25.6787,1922.66,3C11__YP_308669.1,mdscoring_4.pdb,-150.13,False
-337.967, 0, 0, 0, 0, -69.0064, -268.96, 0, 0, 0, 0, 0, 0, 0, 0,-24.9646,1774.76,3C11__YP_308669.1,mdscoring_6.pdb,-147.76,False
-333, 0, 0, 0, 0, -70.8985, -262.101, 0, 0, 0, 0, 0, 0, 0, 0,-19.6743,1914.64,3C11__YP_308669.1,mdscoring_10.pdb,-142.99,False
-377.488, 0, 0, 0, 0, -60.9814, -316.506, 0, 0, 0, 0, 0, 0, 0, 0,-17.2035,1964.16,3C11__YP_308669.1,mdscoring_8.pdb,-141.49,False
-452.712, 0, 0, 0, 0, -59.2069, -393.505, 0, 0, 0, 0, 0, 0, 0, 0,11.4281,1665.44,AVFluIgG01__YP_308669.1,mdscoring_2.pdb,-126.48,True
-391.527, 0, 0, 0, 0, -60.191, -331.336, 0, 0, 0, 0, 0, 0, 0, 0,2.96955,1643.94,AVFluIgG01__YP_308669.1,mdscoring_5.pdb,-123.49,False
-439.054, 0, 0, 0, 0, -54.8187, -384.235, 0, 0, 0, 0, 0, 0, 0, 0,8.85824,1664.14,AVFluIgG01__YP_308669.1,mdscoring_3.pdb,-122.81,False
-369.014, 0, 0, 0, 0, -59.1302, -309.884, 0, 0, 0, 0, 0, 0, 0, 0,-0.374032,1599.72,AVFluIgG01__YP_308669.1,mdscoring_6.pdb,-121.48,False
-295.286, 0, 0, 0, 0, -73.3376, -221.949, 0, 0, 0, 0, 0, 0, 0, 0,-3.45427,1574.05,AVFluIgG01__YP_308669.1,mdscoring_10.pdb,-121.18,False
-390.701, 0, 0, 0, 0, -57.5479, -333.153, 0, 0, 0, 0, 0, 0, 0, 0,4.15955,1650.54,AVFluIgG01__YP_308669.1,mdscoring_9.pdb,-120.02,False
-367.596, 0, 0, 0, 0, -53.6034, -313.993, 0, 0, 0, 0, 0, 0, 0, 0,-2.29122,1571.06,AVFluIgG01__YP_308669.1,mdscoring_7.pdb,-118.69,False
-424.866, 0, 0, 0, 0, -46.6459, -378.22, 0, 0, 0, 0, 0, 0, 0, 0,11.0676,1589.31,AVFluIgG01__YP_308669.1,mdscoring_1.pdb,-111.22,False
-394.022, 0, 0, 0, 0, -42.8436, -351.178, 0, 0, 0, 0, 0, 0, 0, 0,7.40505,1502.18,AVFluIgG01__YP_308669.1,mdscoring_4.pdb,-105.67,False
-331.468, 0, 0, 0, 0, -46.4582, -285.01, 0, 0, 0, 0, 0, 0, 0, 0,1.59898,1499.89,AVFluIgG01__YP_308669.1,mdscoring_8.pdb,-101.86,False
-385.602, 0, 0, 0, 0, -82.32, -303.282, 0, 0, 0, 0, 0, 0, 0, 0,13.5362,2278.86,FLD21.140__YP_308669.1,mdscoring_2.pdb,-129.44,True
-418.673, 0, 0, 0, 0, -78.3952, -340.278, 0, 0, 0, 0, 0, 0, 0, 0,18.4221,2154.15,FLD21.140__YP_308669.1,mdscoring_1.pdb,-128.03,False
-324.025, 0, 0, 0, 0, -80.8054, -243.22, 0, 0, 0, 0, 0, 0, 0, 0,6.10645,2050.08,FLD21.140__YP_308669.1,mdscoring_4.pdb,-123.34,False
-340.529, 0, 0, 0, 0, -77.192, -263.337, 0, 0, 0, 0, 0, 0, 0, 0,8.08566,2074.52,FLD21.140__YP_308669.1,mdscoring_3.pdb,-121.77,False
-261.894, 0, 0, 0, 0, -79.6237, -182.271, 0, 0, 0, 0, 0, 0, 0, 0,3.1504,2007.73,FLD21.140__YP_308669.1,mdscoring_7.pdb,-112.93,False
-314.482, 0, 0, 0, 0, -77.0309, -237.451, 0, 0, 0, 0, 0, 0, 0, 0,12.546,1868.48,FLD21.140__YP_308669.1,mdscoring_6.pdb,-111.98,False
-262.247, 0, 0, 0, 0, -70.1979, -192.049, 0, 0, 0, 0, 0, 0, 0, 0,1.9527,1908.54,FLD21.140__YP_308669.1,mdscoring_8.pdb,-106.66,False
-286.498, 0, 0, 0, 0, -72.1024, -214.396, 0, 0, 0, 0, 0, 0, 0, 0,11.5142,1813.86,FLD21.140__YP_308669.1,mdscoring_5.pdb,-103.47,False
-254.632, 0, 0, 0, 0, -74.2311, -180.401, 0, 0, 0, 0, 0, 0, 0, 0,7.19954,1989.27,FLD21.140__YP_308669.1,mdscoring_10.pdb,-103.11,False
-265.801, 0, 0, 0, 0, -65.4313, -200.37, 0, 0, 0, 0, 0, 0, 0, 0,6.92934,1769.87,FLD21.140__YP_308669.1,mdscoring_9.pdb,-98.58,False
-527.47, 0, 0, 0, 0, -88.1391, -439.33, 0, 0, 0, 0, 0, 0, 0, 0,-34.8402,2509.71,H5M9__YP_308669.1,mdscoring_1.pdb,-210.85,True
-454.267, 0, 0, 0, 0, -91.4265, -362.84, 0, 0, 0, 0, 0, 0, 0, 0,-30.1553,2532.92,H5M9__YP_308669.1,mdscoring_6.pdb,-194.15,False
-443.447, 0, 0, 0, 0, -85.0319, -358.415, 0, 0, 0, 0, 0, 0, 0, 0,-36.4535,2478.3,H5M9__YP_308669.1,mdscoring_3.pdb,-193.17,False
-448.724, 0, 0, 0, 0, -90.8271, -357.897, 0, 0, 0, 0, 0, 0, 0, 0,-26.1838,2557.58,H5M9__YP_308669.1,mdscoring_4.pdb,-188.59,False
-405.31, 0, 0, 0, 0, -83.6973, -321.613, 0, 0, 0, 0, 0, 0, 0, 0,-37.7888,2468.25,H5M9__YP_308669.1,mdscoring_7.pdb,-185.81,False
-440.432, 0, 0, 0, 0, -81.6834, -358.749, 0, 0, 0, 0, 0, 0, 0, 0,-30.1826,2317.4,H5M9__YP_308669.1,mdscoring_8.pdb,-183.62,False
-476.583, 0, 0, 0, 0, -71.7421, -404.841, 0, 0, 0, 0, 0, 0, 0, 0,-29.9196,2291.51,H5M9__YP_308669.1,mdscoring_2.pdb,-182.63,False
-383.282, 0, 0, 0, 0, -88.0012, -295.281, 0, 0, 0, 0, 0, 0, 0, 0,-35.3462,2398.37,H5M9__YP_308669.1,mdscoring_5.pdb,-182.4,False
-393.619, 0, 0, 0, 0, -79.411, -314.207, 0, 0, 0, 0, 0, 0, 0, 0,-38.3748,2209.3,H5M9__YP_308669.1,mdscoring_9.pdb,-180.63,False
-397.882, 0, 0, 0, 0, -76.8535, -321.028, 0, 0, 0, 0, 0, 0, 0, 0,-32.9393,2274.08,H5M9__YP_308669.1,mdscoring_10.pdb,-174.0,False
-224.452, 0, 0, 0, 0, -99.4782, -124.974, 0, 0, 0, 0, 0, 0, 0, 0,-39.8949,2451.79,13D4__YP_308669.1,mdscoring_3.pdb,-164.37,True
-248.43, 0, 0, 0, 0, -100.732, -147.699, 0, 0, 0, 0, 0, 0, 0, 0,-32.3447,2669.11,13D4__YP_308669.1,mdscoring_2.pdb,-162.62,False
-235.143, 0, 0, 0, 0, -93.1417, -142.001, 0, 0, 0, 0, 0, 0, 0, 0,-33.9295,2322.32,13D4__YP_308669.1,mdscoring_5.pdb,-155.47,False
-234.334, 0, 0, 0, 0, -90.4078, -143.926, 0, 0, 0, 0, 0, 0, 0, 0,-34.3428,2311.35,13D4__YP_308669.1,mdscoring_8.pdb,-153.54,False
-294.237, 0, 0, 0, 0, -84.5774, -209.659, 0, 0, 0, 0, 0, 0, 0, 0,-26.4457,2279.65,13D4__YP_308669.1,mdscoring_4.pdb,-152.95,False
-238.375, 0, 0, 0, 0, -81.3165, -157.058, 0, 0, 0, 0, 0, 0, 0, 0,-30.7925,2390.14,13D4__YP_308669.1,mdscoring_1.pdb,-143.52,False
-199.986, 0, 0, 0, 0, -76.5015, -123.484, 0, 0, 0, 0, 0, 0, 0, 0,-32.6326,2271.23,13D4__YP_308669.1,mdscoring_6.pdb,-133.83,False
-182.342, 0, 0, 0, 0, -75.9147, -106.427, 0, 0, 0, 0, 0, 0, 0, 0,-36.1131,2272.7,13D4__YP_308669.1,mdscoring_7.pdb,-133.31,False
-362.397, 0, 0, 0, 0, -58.8937, -303.504, 0, 0, 0, 0, 0, 0, 0, 0,0.919882,1458.03,AVFluIgG03__YP_308669.1,mdscoring_4.pdb,-118.67,True
-287.109, 0, 0, 0, 0, -65.3534, -221.756, 0, 0, 0, 0, 0, 0, 0, 0,-4.05402,1537.39,AVFluIgG03__YP_308669.1,mdscoring_3.pdb,-113.76,False
-349.37, 0, 0, 0, 0, -60.0381, -289.332, 0, 0, 0, 0, 0, 0, 0, 0,5.44512,1476.8,AVFluIgG03__YP_308669.1,mdscoring_5.pdb,-112.46,False
-387.08, 0, 0, 0, 0, -46.8457, -340.234, 0, 0, 0, 0, 0, 0, 0, 0,3.47785,1452.07,AVFluIgG03__YP_308669.1,mdscoring_10.pdb,-111.41,False
-334.042, 0, 0, 0, 0, -53.5303, -280.512, 0, 0, 0, 0, 0, 0, 0, 0,-1.20488,1437.95,AVFluIgG03__YP_308669.1,mdscoring_9.pdb,-110.84,False
-302.69, 0, 0, 0, 0, -50.6406, -252.049, 0, 0, 0, 0, 0, 0, 0, 0,-4.21669,1489.04,AVFluIgG03__YP_308669.1,mdscoring_7.pdb,-105.27,False
-351.45, 0, 0, 0, 0, -44.3753, -307.075, 0, 0, 0, 0, 0, 0, 0, 0,4.06394,1443.11,AVFluIgG03__YP_308669.1,mdscoring_6.pdb,-101.73,False
-309.27, 0, 0, 0, 0, -46.4438, -262.826, 0, 0, 0, 0, 0, 0, 0, 0,-2.06269,1509.35,AVFluIgG03__YP_308669.1,mdscoring_1.pdb,-101.07,False
-324.551, 0, 0, 0, 0, -47.8329, -276.718, 0, 0, 0, 0, 0, 0, 0, 0,2.63934,1374.71,AVFluIgG03__YP_308669.1,mdscoring_8.pdb,-100.54,False
-318.623, 0, 0, 0, 0, -46.4262, -272.197, 0, 0, 0, 0, 0, 0, 0, 0,1.16402,1429.25,AVFluIgG03__YP_308669.1,mdscoring_2.pdb,-99.7,False
-688.549, 0, 0, 0, 0, -106.539, -582.009, 0, 0, 0, 0, 0, 0, 0, 0,-32.329,2870.92,12H5__YP_308669.1,mdscoring_4.pdb,-255.27,True
-665.293, 0, 0, 0, 0, -106.364, -558.929, 0, 0, 0, 0, 0, 0, 0, 0,-29.1798,2802.54,12H5__YP_308669.1,mdscoring_1.pdb,-247.33,False
-542.463, 0, 0, 0, 0, -118.808, -423.655, 0, 0, 0, 0, 0, 0, 0, 0,-30.2116,2801.46,12H5__YP_308669.1,mdscoring_8.pdb,-233.75,False
-492.674, 0, 0, 0, 0, -96.3902, -396.284, 0, 0, 0, 0, 0, 0, 0, 0,-41.7677,2611.4,12H5__YP_308669.1,mdscoring_3.pdb,-217.41,False
-610.531, 0, 0, 0, 0, -93.9751, -516.556, 0, 0, 0, 0, 0, 0, 0, 0,-19.0637,2623.94,12H5__YP_308669.1,mdscoring_2.pdb,-216.35,False
-501.164, 0, 0, 0, 0, -107.502, -393.663, 0, 0, 0, 0, 0, 0, 0, 0,-30.0889,2832.01,12H5__YP_308669.1,mdscoring_10.pdb,-216.32,False
-541.643, 0, 0, 0, 0, -93.8748, -447.768, 0, 0, 0, 0, 0, 0, 0, 0,-32.5344,2659.87,12H5__YP_308669.1,mdscoring_7.pdb,-215.96,False
-476.046, 0, 0, 0, 0, -97.7282, -378.318, 0, 0, 0, 0, 0, 0, 0, 0,-36.574,2675.87,12H5__YP_308669.1,mdscoring_9.pdb,-209.97,False
-378.319, 0, 0, 0, 0, -111.25, -267.069, 0, 0, 0, 0, 0, 0, 0, 0,-38.9458,2676.12,12H5__YP_308669.1,mdscoring_6.pdb,-203.61,False
-421.174, 0, 0, 0, 0, -95.113, -326.061, 0, 0, 0, 0, 0, 0, 0, 0,-29.6699,2472.69,12H5__YP_308669.1,mdscoring_5.pdb,-190.0,False
-311.393, 0, 0, 0, 0, -75.9036, -235.49, 0, 0, 0, 0, 0, 0, 0, 0,9.28176,2275.66,FLD194__WYN03019.1,mdscoring_2.pdb,-113.72,True
-323.124, 0, 0, 0, 0, -70.0459, -253.078, 0, 0, 0, 0, 0, 0, 0, 0,7.42393,2101.35,FLD194__WYN03019.1,mdscoring_9.pdb,-113.24,False
-295.351, 0, 0, 0, 0, -72.6278, -222.723, 0, 0, 0, 0, 0, 0, 0, 0,6.09968,2115.06,FLD194__WYN03019.1,mdscoring_8.pdb,-111.07,False
-250.883, 0, 0, 0, 0, -76.3419, -174.541, 0, 0, 0, 0, 0, 0, 0, 0,5.13175,2250.28,FLD194__WYN03019.1,mdscoring_10.pdb,-106.12,False
-266.645, 0, 0, 0, 0, -77.9727, -188.672, 0, 0, 0, 0, 0, 0, 0, 0,9.95409,2178.84,FLD194__WYN03019.1,mdscoring_7.pdb,-105.75,False
-273.274, 0, 0, 0, 0, -73.3711, -199.903, 0, 0, 0, 0, 0, 0, 0, 0,10.6972,2292.65,FLD194__WYN03019.1,mdscoring_3.pdb,-102.65,False
-265.545, 0, 0, 0, 0, -70.7424, -194.803, 0, 0, 0, 0, 0, 0, 0, 0,8.90162,2181.45,FLD194__WYN03019.1,mdscoring_6.pdb,-100.8,False
-266.464, 0, 0, 0, 0, -73.6702, -192.794, 0, 0, 0, 0, 0, 0, 0, 0,11.6755,2240.72,FLD194__WYN03019.1,mdscoring_4.pdb,-100.55,False
-290.703, 0, 0, 0, 0, -63.5648, -227.138, 0, 0, 0, 0, 0, 0, 0, 0,8.69843,2154.43,FLD194__WYN03019.1,mdscoring_1.pdb,-100.29,False
-238.032, 0, 0, 0, 0, -68.1097, -169.923, 0, 0, 0, 0, 0, 0, 0, 0,8.31278,2027.29,FLD194__WYN03019.1,mdscoring_5.pdb,-93.78,False
-385.368, 0, 0, 0, 0, -70.4449, -314.924, 0, 0, 0, 0, 0, 0, 0, 0,-1.44475,2025.24,H5.3__WYN03019.1,mdscoring_5.pdb,-134.87,True
-438.846, 0, 0, 0, 0, -63.0108, -375.835, 0, 0, 0, 0, 0, 0, 0, 0,9.88761,2181.27,H5.3__WYN03019.1,mdscoring_9.pdb,-128.29,False
-383.253, 0, 0, 0, 0, -67.9959, -315.258, 0, 0, 0, 0, 0, 0, 0, 0,5.52495,2001.99,H5.3__WYN03019.1,mdscoring_4.pdb,-125.52,False
-322.386, 0, 0, 0, 0, -63.4481, -258.938, 0, 0, 0, 0, 0, 0, 0, 0,-5.79321,1967.99,H5.3__WYN03019.1,mdscoring_3.pdb,-121.03,False
-339.339, 0, 0, 0, 0, -61.204, -278.135, 0, 0, 0, 0, 0, 0, 0, 0,-3.93175,2119.58,H5.3__WYN03019.1,mdscoring_6.pdb,-120.76,False
-346.011, 0, 0, 0, 0, -66.2967, -279.714, 0, 0, 0, 0, 0, 0, 0, 0,2.34072,2135.98,H5.3__WYN03019.1,mdscoring_2.pdb,-119.9,False
-262.475, 0, 0, 0, 0, -67.9852, -194.49, 0, 0, 0, 0, 0, 0, 0, 0,-11.5432,1955.41,H5.3__WYN03019.1,mdscoring_1.pdb,-118.43,False
-380.505, 0, 0, 0, 0, -60.3183, -320.187, 0, 0, 0, 0, 0, 0, 0, 0,6.73493,1957.12,H5.3__WYN03019.1,mdscoring_7.pdb,-117.62,False
-344.481, 0, 0, 0, 0, -54.9829, -289.498, 0, 0, 0, 0, 0, 0, 0, 0,-2.74123,1911.33,H5.3__WYN03019.1,mdscoring_8.pdb,-115.62,False
-308.958, 0, 0, 0, 0, -56.3062, -252.652, 0, 0, 0, 0, 0, 0, 0, 0,-7.43498,2043.46,H5.3__WYN03019.1,mdscoring_10.pdb,-114.27,False
-404.372, 0, 0, 0, 0, -112.921, -291.451, 0, 0, 0, 0, 0, 0, 0, 0,-13.1231,2599.54,65C6__WYN03019.1,mdscoring_9.pdb,-184.33,True
-385.67, 0, 0, 0, 0, -90.7423, -294.928, 0, 0, 0, 0, 0, 0, 0, 0,-5.97455,2303.81,65C6__WYN03019.1,mdscoring_4.pdb,-155.7,False
-298.184, 0, 0, 0, 0, -98.3171, -199.867, 0, 0, 0, 0, 0, 0, 0, 0,-15.5897,2375.44,65C6__WYN03019.1,mdscoring_7.pdb,-153.88,False
-324.432, 0, 0, 0, 0, -97.3006, -227.132, 0, 0, 0, 0, 0, 0, 0, 0,-10.8235,2372.35,65C6__WYN03019.1,mdscoring_6.pdb,-153.55,False
-312.905, 0, 0, 0, 0, -91.8755, -221.029, 0, 0, 0, 0, 0, 0, 0, 0,-11.3402,2300.8,65C6__WYN03019.1,mdscoring_3.pdb,-147.42,False
-295.979, 0, 0, 0, 0, -94.5198, -201.46, 0, 0, 0, 0, 0, 0, 0, 0,-11.6856,2189.6,65C6__WYN03019.1,mdscoring_2.pdb,-146.5,False
-276.277, 0, 0, 0, 0, -92.5214, -183.755, 0, 0, 0, 0, 0, 0, 0, 0,-7.48853,2257.44,65C6__WYN03019.1,mdscoring_8.pdb,-136.76,False
-258.909, 0, 0, 0, 0, -81.2775, -177.631, 0, 0, 0, 0, 0, 0, 0, 0,-13.1253,2187.76,65C6__WYN03019.1,mdscoring_5.pdb,-129.93,False
-236.658, 0, 0, 0, 0, -87.6142, -149.044, 0, 0, 0, 0, 0, 0, 0, 0,-12.3143,2243.89,65C6__WYN03019.1,mdscoring_1.pdb,-129.74,False
-235.858, 0, 0, 0, 0, -80.6763, -155.181, 0, 0, 0, 0, 0, 0, 0, 0,-7.18589,2085.9,65C6__WYN03019.1,mdscoring_10.pdb,-118.9,False
-265.289, 0, 0, 0, 0, -71.5234, -193.765, 0, 0, 0, 0, 0, 0, 0, 0,1.81619,1946.33,100F4__WYN03019.1,mdscoring_1.pdb,-108.46,True
-241.871, 0, 0, 0, 0, -71.1872, -170.684, 0, 0, 0, 0, 0, 0, 0, 0,-1.83504,1745.53,100F4__WYN03019.1,mdscoring_4.pdb,-107.16,False
-236.341, 0, 0, 0, 0, -73.8372, -162.504, 0, 0, 0, 0, 0, 0, 0, 0,-0.505169,1989.63,100F4__WYN03019.1,mdscoring_2.pdb,-106.84,False
-226.908, 0, 0, 0, 0, -68.6506, -158.257, 0, 0, 0, 0, 0, 0, 0, 0,-3.23424,1790.3,100F4__WYN03019.1,mdscoring_7.pdb,-103.54,False
-229.495, 0, 0, 0, 0, -69.0511, -160.444, 0, 0, 0, 0, 0, 0, 0, 0,-1.12279,1844.34,100F4__WYN03019.1,mdscoring_9.pdb,-102.26,False
-200.864, 0, 0, 0, 0, -71.8687, -128.995, 0, 0, 0, 0, 0, 0, 0, 0,-3.12482,1865.84,100F4__WYN03019.1,mdscoring_6.pdb,-100.79,False
-236.76, 0, 0, 0, 0, -61.0683, -175.692, 0, 0, 0, 0, 0, 0, 0, 0,0.396126,1707.52,100F4__WYN03019.1,mdscoring_8.pdb,-95.81,False
-173.68, 0, 0, 0, 0, -68.5788, -105.101, 0, 0, 0, 0, 0, 0, 0, 0,-4.62115,1759.45,100F4__WYN03019.1,mdscoring_10.pdb,-94.22,False
-223.277, 0, 0, 0, 0, -62.242, -161.035, 0, 0, 0, 0, 0, 0, 0, 0,3.30023,1810.47,100F4__WYN03019.1,mdscoring_3.pdb,-91.15,False
-256.924, 0, 0, 0, 0, -56.5829, -200.341, 0, 0, 0, 0, 0, 0, 0, 0,7.58335,1897.29,100F4__WYN03019.1,mdscoring_5.pdb,-89.07,False
-391.301, 0, 0, 0, 0, -99.089, -292.212, 0, 0, 0, 0, 0, 0, 0, 0,-3.75876,2596.31,3C11__WYN03019.1,mdscoring_2.pdb,-161.29,True
-342.099, 0, 0, 0, 0, -107.641, -234.458, 0, 0, 0, 0, 0, 0, 0, 0,-5.63788,2564.31,3C11__WYN03019.1,mdscoring_6.pdb,-160.17,False
-395.633, 0, 0, 0, 0, -91.9384, -303.694, 0, 0, 0, 0, 0, 0, 0, 0,2.39145,2513.42,3C11__WYN03019.1,mdscoring_8.pdb,-150.29,False
-307.78, 0, 0, 0, 0, -100.697, -207.084, 0, 0, 0, 0, 0, 0, 0, 0,-4.93307,2440.72,3C11__WYN03019.1,mdscoring_5.pdb,-147.05,False
-318.253, 0, 0, 0, 0, -90.6683, -227.584, 0, 0, 0, 0, 0, 0, 0, 0,-5.94045,2425.17,3C11__WYN03019.1,mdscoring_7.pdb,-142.13,False
-331.224, 0, 0, 0, 0, -90.9106, -240.314, 0, 0, 0, 0, 0, 0, 0, 0,-0.44753,2304.92,3C11__WYN03019.1,mdscoring_3.pdb,-139.42,False
-330.065, 0, 0, 0, 0, -86.5535, -243.512, 0, 0, 0, 0, 0, 0, 0, 0,-3.04509,2426.63,3C11__WYN03019.1,mdscoring_4.pdb,-138.3,False
-338.857, 0, 0, 0, 0, -82.9093, -255.947, 0, 0, 0, 0, 0, 0, 0, 0,-0.940402,2336.45,3C11__WYN03019.1,mdscoring_9.pdb,-135.04,False
-341.619, 0, 0, 0, 0, -84.8855, -256.734, 0, 0, 0, 0, 0, 0, 0, 0,3.04297,2313.82,3C11__WYN03019.1,mdscoring_1.pdb,-133.19,False
-378.851, 0, 0, 0, 0, -95.4539, -283.397, 0, 0, 0, 0, 0, 0, 0, 0,-1.52165,2112.19,AVFluIgG01__WYN03019.1,mdscoring_2.pdb,-153.65,True
-422.427, 0, 0, 0, 0, -76.4915, -345.936, 0, 0, 0, 0, 0, 0, 0, 0,3.4248,2100.4,AVFluIgG01__WYN03019.1,mdscoring_6.pdb,-142.25,False
-370.21, 0, 0, 0, 0, -81.8712, -288.339, 0, 0, 0, 0, 0, 0, 0, 0,0.777418,1998.02,AVFluIgG01__WYN03019.1,mdscoring_7.pdb,-138.76,False
-393.72, 0, 0, 0, 0, -79.1733, -314.547, 0, 0, 0, 0, 0, 0, 0, 0,5.59752,1954.32,AVFluIgG01__WYN03019.1,mdscoring_4.pdb,-136.49,False
-354.368, 0, 0, 0, 0, -77.945, -276.423, 0, 0, 0, 0, 0, 0, 0, 0,-1.46909,1915.65,AVFluIgG01__WYN03019.1,mdscoring_5.pdb,-134.7,False
-370.239, 0, 0, 0, 0, -77.2878, -292.952, 0, 0, 0, 0, 0, 0, 0, 0,3.80999,1983.01,AVFluIgG01__WYN03019.1,mdscoring_3.pdb,-132.07,False
-388.26, 0, 0, 0, 0, -73.2772, -314.983, 0, 0, 0, 0, 0, 0, 0, 0,7.3222,2013.31,AVFluIgG01__WYN03019.1,mdscoring_1.pdb,-128.95,False
-355.027, 0, 0, 0, 0, -73.4467, -281.58, 0, 0, 0, 0, 0, 0, 0, 0,6.69749,1856.51,AVFluIgG01__WYN03019.1,mdscoring_8.pdb,-123.07,False
-210.121, 0, 0, 0, 0, -58.3285, -151.793, 0, 0, 0, 0, 0, 0, 0, 0,2.03141,1680.99,AVFluIgG01__WYN03019.1,mdscoring_9.pdb,-86.66,False
-374.148, 0, 0, 0, 0, -91.0919, -283.056, 0, 0, 0, 0, 0, 0, 0, 0,2.32498,2566.78,FLD21.140__WYN03019.1,mdscoring_8.pdb,-145.38,True
-459.109, 0, 0, 0, 0, -59.062, -400.047, 0, 0, 0, 0, 0, 0, 0, 0,6.18592,1995.62,FLD21.140__WYN03019.1,mdscoring_1.pdb,-132.89,False
-392.785, 0, 0, 0, 0, -77.9961, -314.789, 0, 0, 0, 0, 0, 0, 0, 0,9.77139,2326.09,FLD21.140__WYN03019.1,mdscoring_5.pdb,-131.18,False
-353.634, 0, 0, 0, 0, -78.8639, -274.771, 0, 0, 0, 0, 0, 0, 0, 0,9.75327,2084.59,FLD21.140__WYN03019.1,mdscoring_10.pdb,-124.06,False
-303.194, 0, 0, 0, 0, -87.7909, -215.403, 0, 0, 0, 0, 0, 0, 0, 0,9.49682,2487.63,FLD21.140__WYN03019.1,mdscoring_2.pdb,-121.37,False
-320.135, 0, 0, 0, 0, -80.9284, -239.206, 0, 0, 0, 0, 0, 0, 0, 0,8.21827,2364.67,FLD21.140__WYN03019.1,mdscoring_6.pdb,-120.55,False
-328.139, 0, 0, 0, 0, -73.5047, -254.634, 0, 0, 0, 0, 0, 0, 0, 0,6.18459,2064.02,FLD21.140__WYN03019.1,mdscoring_7.pdb,-118.25,False
-352.695, 0, 0, 0, 0, -70.1337, -282.561, 0, 0, 0, 0, 0, 0, 0, 0,10.5297,2098.6,FLD21.140__WYN03019.1,mdscoring_9.pdb,-116.12,False
-303.336, 0, 0, 0, 0, -79.6016, -223.734, 0, 0, 0, 0, 0, 0, 0, 0,9.33186,2432.47,FLD21.140__WYN03019.1,mdscoring_4.pdb,-115.02,False
-303.838, 0, 0, 0, 0, -81.5773, -222.261, 0, 0, 0, 0, 0, 0, 0, 0,13.3731,2201.77,FLD21.140__WYN03019.1,mdscoring_3.pdb,-112.66,False
-281.532, 0, 0, 0, 0, -65.3012, -216.23, 0, 0, 0, 0, 0, 0, 0, 0,-11.5638,1800.6,H5M9__WYN03019.1,mdscoring_4.pdb,-120.11,True
-281.198, 0, 0, 0, 0, -63.1375, -218.06, 0, 0, 0, 0, 0, 0, 0, 0,-6.47544,1646.09,H5M9__WYN03019.1,mdscoring_1.pdb,-113.22,False
-307.903, 0, 0, 0, 0, -55.8402, -252.063, 0, 0, 0, 0, 0, 0, 0, 0,-3.67268,1647.3,H5M9__WYN03019.1,mdscoring_3.pdb,-109.93,False
-209.765, 0, 0, 0, 0, -73.1277, -136.637, 0, 0, 0, 0, 0, 0, 0, 0,-9.23159,1867.66,H5M9__WYN03019.1,mdscoring_7.pdb,-109.69,False
-226.529, 0, 0, 0, 0, -68.8117, -157.717, 0, 0, 0, 0, 0, 0, 0, 0,-9.0055,1662.25,H5M9__WYN03019.1,mdscoring_9.pdb,-109.36,False
-239.133, 0, 0, 0, 0, -60.0316, -179.102, 0, 0, 0, 0, 0, 0, 0, 0,-9.05291,1618.87,H5M9__WYN03019.1,mdscoring_2.pdb,-104.9,False
-201.005, 0, 0, 0, 0, -68.0371, -132.968, 0, 0, 0, 0, 0, 0, 0, 0,-8.58982,1677.66,H5M9__WYN03019.1,mdscoring_10.pdb,-103.22,False
-238.443, 0, 0, 0, 0, -54.9414, -183.501, 0, 0, 0, 0, 0, 0, 0, 0,-9.87028,1566.32,H5M9__WYN03019.1,mdscoring_8.pdb,-101.51,False
-188.844, 0, 0, 0, 0, -63.339, -125.505, 0, 0, 0, 0, 0, 0, 0, 0,-12.985,1657.61,H5M9__WYN03019.1,mdscoring_5.pdb,-101.42,False
-234.027, 0, 0, 0, 0, -57.9193, -176.107, 0, 0, 0, 0, 0, 0, 0, 0,-3.01981,1529.85,H5M9__WYN03019.1,mdscoring_6.pdb,-96.16,False
-235.202, 0, 0, 0, 0, -85.7513, -149.451, 0, 0, 0, 0, 0, 0, 0, 0,-9.86129,1980.97,13D4__WYN03019.1,mdscoring_6.pdb,-125.5,True
-195.897, 0, 0, 0, 0, -81.1483, -114.749, 0, 0, 0, 0, 0, 0, 0, 0,-9.01778,1919.99,13D4__WYN03019.1,mdscoring_7.pdb,-113.12,False
-185.752, 0, 0, 0, 0, -82.5732, -103.179, 0, 0, 0, 0, 0, 0, 0, 0,-8.36489,2090.05,13D4__WYN03019.1,mdscoring_5.pdb,-111.57,False
-179.433, 0, 0, 0, 0, -69.5778, -109.856, 0, 0, 0, 0, 0, 0, 0, 0,-14.5416,1924.72,13D4__WYN03019.1,mdscoring_2.pdb,-106.09,False
-187.848, 0, 0, 0, 0, -69.7232, -118.125, 0, 0, 0, 0, 0, 0, 0, 0,-5.02133,1889.79,13D4__WYN03019.1,mdscoring_9.pdb,-98.37,False
-246.093, 0, 0, 0, 0, -63.1356, -182.957, 0, 0, 0, 0, 0, 0, 0, 0,2.56239,1694.14,13D4__WYN03019.1,mdscoring_3.pdb,-97.16,False
-184.976, 0, 0, 0, 0, -65.6791, -119.297, 0, 0, 0, 0, 0, 0, 0, 0,-6.94423,1800.64,13D4__WYN03019.1,mdscoring_1.pdb,-96.48,False
-152.434, 0, 0, 0, 0, -62.2576, -90.1766, 0, 0, 0, 0, 0, 0, 0, 0,-5.66811,1695.42,13D4__WYN03019.1,mdscoring_4.pdb,-85.96,False
-149.766, 0, 0, 0, 0, -47.9538, -101.812, 0, 0, 0, 0, 0, 0, 0, 0,-1.18569,1614.26,13D4__WYN03019.1,mdscoring_8.pdb,-69.5,False
-310.739, 0, 0, 0, 0, -69.7323, -241.006, 0, 0, 0, 0, 0, 0, 0, 0,0.419546,1616.8,AVFluIgG03__WYN03019.1,mdscoring_9.pdb,-117.51,True
-319.598, 0, 0, 0, 0, -68.9537, -250.644, 0, 0, 0, 0, 0, 0, 0, 0,3.16757,1650.62,AVFluIgG03__WYN03019.1,mdscoring_1.pdb,-115.91,False
-289.355, 0, 0, 0, 0, -61.6606, -227.694, 0, 0, 0, 0, 0, 0, 0, 0,-1.04623,1466.89,AVFluIgG03__WYN03019.1,mdscoring_4.pdb,-108.25,False
-318.583, 0, 0, 0, 0, -60.4394, -258.143, 0, 0, 0, 0, 0, 0, 0, 0,5.75605,1668.66,AVFluIgG03__WYN03019.1,mdscoring_3.pdb,-106.31,False
-336.24, 0, 0, 0, 0, -54.5728, -281.667, 0, 0, 0, 0, 0, 0, 0, 0,4.96261,1475.29,AVFluIgG03__WYN03019.1,mdscoring_7.pdb,-105.94,False
-333.253, 0, 0, 0, 0, -54.0548, -279.198, 0, 0, 0, 0, 0, 0, 0, 0,4.52314,1566.22,AVFluIgG03__WYN03019.1,mdscoring_6.pdb,-105.37,False
-312.351, 0, 0, 0, 0, -49.6582, -262.692, 0, 0, 0, 0, 0, 0, 0, 0,9.680954E-02,1526.28,AVFluIgG03__WYN03019.1,mdscoring_5.pdb,-102.1,False
-310.313, 0, 0, 0, 0, -56.3583, -253.955, 0, 0, 0, 0, 0, 0, 0, 0,8.33416,1552.33,AVFluIgG03__WYN03019.1,mdscoring_2.pdb,-98.82,False
-312.98, 0, 0, 0, 0, -51.235, -261.745, 0, 0, 0, 0, 0, 0, 0, 0,5.34712,1474.97,AVFluIgG03__WYN03019.1,mdscoring_10.pdb,-98.24,False
-194.376, 0, 0, 0, 0, -53.7512, -140.625, 0, 0, 0, 0, 0, 0, 0, 0,-3.73288,1432.79,AVFluIgG03__WYN03019.1,mdscoring_8.pdb,-85.61,False
-667.699, 0, 0, 0, 0, -96.4252, -571.274, 0, 0, 0, 0, 0, 0, 0, 0,-14.5555,3031.07,12H5__WYN03019.1,mdscoring_1.pdb,-225.24,True
-568.365, 0, 0, 0, 0, -81.6984, -486.666, 0, 0, 0, 0, 0, 0, 0, 0,-17.9885,2669,12H5__WYN03019.1,mdscoring_6.pdb,-197.02,False
-429.899, 0, 0, 0, 0, -73.176, -356.723, 0, 0, 0, 0, 0, 0, 0, 0,-30.4661,2485.51,12H5__WYN03019.1,mdscoring_4.pdb,-174.99,False
-445.273, 0, 0, 0, 0, -81.5408, -363.732, 0, 0, 0, 0, 0, 0, 0, 0,-14.2294,2509.69,12H5__WYN03019.1,mdscoring_10.pdb,-168.52,False
-447.978, 0, 0, 0, 0, -72.9797, -374.999, 0, 0, 0, 0, 0, 0, 0, 0,-20.185,2771.43,12H5__WYN03019.1,mdscoring_2.pdb,-168.16,False
-393.586, 0, 0, 0, 0, -75.8, -317.786, 0, 0, 0, 0, 0, 0, 0, 0,-27.7265,2309.48,12H5__WYN03019.1,mdscoring_9.pdb,-167.08,False
-421.39, 0, 0, 0, 0, -71.904, -349.486, 0, 0, 0, 0, 0, 0, 0, 0,-24.3094,2434.24,12H5__WYN03019.1,mdscoring_3.pdb,-166.11,False
-419.126, 0, 0, 0, 0, -65.6511, -353.475, 0, 0, 0, 0, 0, 0, 0, 0,-22.5167,2304.98,12H5__WYN03019.1,mdscoring_8.pdb,-158.86,False
-371.979, 0, 0, 0, 0, -74.1066, -297.872, 0, 0, 0, 0, 0, 0, 0, 0,-18.1323,2435.06,12H5__WYN03019.1,mdscoring_5.pdb,-151.81,False
-350.468, 0, 0, 0, 0, -58.6318, -291.836, 0, 0, 0, 0, 0, 0, 0, 0,-16.1994,2367.52,12H5__WYN03019.1,mdscoring_7.pdb,-133.2,False
-575.433, 0, 0, 0, 0, -100.628, -474.804, 0, 0, 0, 0, 0, 0, 0, 0,16.6643,2837.55,FLD194__AAT73273.1,mdscoring_2.pdb,-178.92,True
-519.451, 0, 0, 0, 0, -93.8391, -425.612, 0, 0, 0, 0, 0, 0, 0, 0,8.48022,2666.68,FLD194__AAT73273.1,mdscoring_7.pdb,-170.48,False
-477.843, 0, 0, 0, 0, -99.4583, -378.384, 0, 0, 0, 0, 0, 0, 0, 0,8.85735,2585.92,FLD194__AAT73273.1,mdscoring_6.pdb,-166.28,False
-479.546, 0, 0, 0, 0, -92.8646, -386.681, 0, 0, 0, 0, 0, 0, 0, 0,12.2917,2513.38,FLD194__AAT73273.1,mdscoring_3.pdb,-157.91,False
-461.102, 0, 0, 0, 0, -92.1274, -368.975, 0, 0, 0, 0, 0, 0, 0, 0,14.7891,2564.99,FLD194__AAT73273.1,mdscoring_8.pdb,-151.13,False
-454.189, 0, 0, 0, 0, -77.631, -376.558, 0, 0, 0, 0, 0, 0, 0, 0,10.2969,2446.82,FLD194__AAT73273.1,mdscoring_4.pdb,-142.65,False
-458.599, 0, 0, 0, 0, -82.2455, -376.353, 0, 0, 0, 0, 0, 0, 0, 0,15.5081,2626.23,FLD194__AAT73273.1,mdscoring_5.pdb,-142.01,False
-404.098, 0, 0, 0, 0, -88.3199, -315.778, 0, 0, 0, 0, 0, 0, 0, 0,14.611,2582.89,FLD194__AAT73273.1,mdscoring_9.pdb,-136.86,False
-408.165, 0, 0, 0, 0, -79.9313, -328.233, 0, 0, 0, 0, 0, 0, 0, 0,8.71836,2476.36,FLD194__AAT73273.1,mdscoring_1.pdb,-136.86,False
-416.779, 0, 0, 0, 0, -74.3221, -342.457, 0, 0, 0, 0, 0, 0, 0, 0,11.3163,2366.86,FLD194__AAT73273.1,mdscoring_10.pdb,-131.5,False
-364.762, 0, 0, 0, 0, -60.5096, -304.253, 0, 0, 0, 0, 0, 0, 0, 0,3.06156,1881.04,H5.3__AAT73273.1,mdscoring_8.pdb,-118.3,True
-366.96, 0, 0, 0, 0, -50.993, -315.967, 0, 0, 0, 0, 0, 0, 0, 0,0.805341,1841.21,H5.3__AAT73273.1,mdscoring_2.pdb,-113.38,False
-347.781, 0, 0, 0, 0, -58.3081, -289.473, 0, 0, 0, 0, 0, 0, 0, 0,6.69175,1886.34,H5.3__AAT73273.1,mdscoring_3.pdb,-109.51,False
-352.129, 0, 0, 0, 0, -55.0859, -297.043, 0, 0, 0, 0, 0, 0, 0, 0,5.28733,1908.95,H5.3__AAT73273.1,mdscoring_5.pdb,-109.21,False
-306.392, 0, 0, 0, 0, -62.7279, -243.664, 0, 0, 0, 0, 0, 0, 0, 0,5.16644,1876.06,H5.3__AAT73273.1,mdscoring_1.pdb,-106.29,False
-275.186, 0, 0, 0, 0, -62.0869, -213.1, 0, 0, 0, 0, 0, 0, 0, 0,2.31412,1930.67,H5.3__AAT73273.1,mdscoring_10.pdb,-102.39,False
-256.885, 0, 0, 0, 0, -62.6348, -194.25, 0, 0, 0, 0, 0, 0, 0, 0,1.47446,1859.66,H5.3__AAT73273.1,mdscoring_4.pdb,-100.01,False
-290.435, 0, 0, 0, 0, -56.9023, -233.532, 0, 0, 0, 0, 0, 0, 0, 0,3.79244,1986.29,H5.3__AAT73273.1,mdscoring_9.pdb,-99.82,False
-249.121, 0, 0, 0, 0, -59.0084, -190.112, 0, 0, 0, 0, 0, 0, 0, 0,-0.732031,1849.52,H5.3__AAT73273.1,mdscoring_7.pdb,-97.76,False
-284.032, 0, 0, 0, 0, -49.4743, -234.558, 0, 0, 0, 0, 0, 0, 0, 0,0.461042,1817.47,H5.3__AAT73273.1,mdscoring_6.pdb,-95.92,False
-434.638, 0, 0, 0, 0, -70.4085, -364.229, 0, 0, 0, 0, 0, 0, 0, 0,-18.4389,2331.09,65C6__AAT73273.1,mdscoring_4.pdb,-161.69,True
-347.963, 0, 0, 0, 0, -80.8642, -267.099, 0, 0, 0, 0, 0, 0, 0, 0,-27.3306,2350.31,65C6__AAT73273.1,mdscoring_10.pdb,-161.61,False
-369.292, 0, 0, 0, 0, -73.0113, -296.281, 0, 0, 0, 0, 0, 0, 0, 0,-22.2976,2251.68,65C6__AAT73273.1,mdscoring_5.pdb,-154.57,False
-336.456, 0, 0, 0, 0, -83.2765, -253.18, 0, 0, 0, 0, 0, 0, 0, 0,-20.157,2299.12,65C6__AAT73273.1,mdscoring_2.pdb,-154.07,False
-379.741, 0, 0, 0, 0, -81.6132, -298.128, 0, 0, 0, 0, 0, 0, 0, 0,-8.97603,2361.29,65C6__AAT73273.1,mdscoring_1.pdb,-150.21,False
-270.114, 0, 0, 0, 0, -84.6883, -185.426, 0, 0, 0, 0, 0, 0, 0, 0,-27.5143,2108.82,65C6__AAT73273.1,mdscoring_6.pdb,-149.29,False
-283.012, 0, 0, 0, 0, -82.0268, -200.985, 0, 0, 0, 0, 0, 0, 0, 0,-19.3266,2267.36,65C6__AAT73273.1,mdscoring_7.pdb,-141.55,False
-316.769, 0, 0, 0, 0, -74.8069, -241.962, 0, 0, 0, 0, 0, 0, 0, 0,-16.9182,2238.6,65C6__AAT73273.1,mdscoring_9.pdb,-140.12,False
-291.435, 0, 0, 0, 0, -80.1531, -211.281, 0, 0, 0, 0, 0, 0, 0, 0,-16.2702,2295.91,65C6__AAT73273.1,mdscoring_3.pdb,-138.68,False
-301.14, 0, 0, 0, 0, -71.4425, -229.697, 0, 0, 0, 0, 0, 0, 0, 0,-12.65,1993.11,65C6__AAT73273.1,mdscoring_8.pdb,-130.03,False
-266.42, 0, 0, 0, 0, -67.9428, -198.477, 0, 0, 0, 0, 0, 0, 0, 0,1.16299,2035.28,100F4__AAT73273.1,mdscoring_8.pdb,-106.48,True
-269.286, 0, 0, 0, 0, -67.1542, -202.132, 0, 0, 0, 0, 0, 0, 0, 0,2.60711,1979.17,100F4__AAT73273.1,mdscoring_2.pdb,-104.97,False
-259.707, 0, 0, 0, 0, -66.6508, -193.056, 0, 0, 0, 0, 0, 0, 0, 0,5.27015,1902.3,100F4__AAT73273.1,mdscoring_1.pdb,-99.99,False
-212.455, 0, 0, 0, 0, -67.3203, -145.135, 0, 0, 0, 0, 0, 0, 0, 0,1.13704,1913.41,100F4__AAT73273.1,mdscoring_5.pdb,-95.21,False
-219.198, 0, 0, 0, 0, -62.9179, -156.28, 0, 0, 0, 0, 0, 0, 0, 0,0.40578,1878.17,100F4__AAT73273.1,mdscoring_4.pdb,-93.77,False
-156.12, 0, 0, 0, 0, -67.1395, -88.9804, 0, 0, 0, 0, 0, 0, 0, 0,-8.34634,1897.65,100F4__AAT73273.1,mdscoring_10.pdb,-93.28,False
-180.85, 0, 0, 0, 0, -64.1597, -116.69, 0, 0, 0, 0, 0, 0, 0, 0,-0.955781,1842.91,100F4__AAT73273.1,mdscoring_3.pdb,-88.45,False
-229.677, 0, 0, 0, 0, -56.3198, -173.358, 0, 0, 0, 0, 0, 0, 0, 0,4.31841,1812.07,100F4__AAT73273.1,mdscoring_6.pdb,-86.67,False
-200.393, 0, 0, 0, 0, -63.8552, -136.538, 0, 0, 0, 0, 0, 0, 0, 0,4.65384,1787.68,100F4__AAT73273.1,mdscoring_9.pdb,-86.51,False
-187.465, 0, 0, 0, 0, -58.7161, -128.748, 0, 0, 0, 0, 0, 0, 0, 0,14.1306,1643.57,100F4__AAT73273.1,mdscoring_7.pdb,-70.34,False
-521.438, 0, 0, 0, 0, -92.3186, -429.119, 0, 0, 0, 0, 0, 0, 0, 0,-19.3317,2512.99,3C11__AAT73273.1,mdscoring_1.pdb,-197.47,True
-516.061, 0, 0, 0, 0, -98.7223, -417.338, 0, 0, 0, 0, 0, 0, 0, 0,-14.2746,2748.27,3C11__AAT73273.1,mdscoring_3.pdb,-196.46,False
-509.717, 0, 0, 0, 0, -90.0499, -419.667, 0, 0, 0, 0, 0, 0, 0, 0,-14.5314,2638.68,3C11__AAT73273.1,mdscoring_2.pdb,-188.51,False
-481.374, 0, 0, 0, 0, -80.5852, -400.789, 0, 0, 0, 0, 0, 0, 0, 0,-22.2895,2390.74,3C11__AAT73273.1,mdscoring_4.pdb,-183.03,False
-437.652, 0, 0, 0, 0, -94.2875, -343.365, 0, 0, 0, 0, 0, 0, 0, 0,-11.9553,2433.9,3C11__AAT73273.1,mdscoring_7.pdb,-174.92,False
-434.989, 0, 0, 0, 0, -92.7565, -342.232, 0, 0, 0, 0, 0, 0, 0, 0,-12.0044,2615.82,3C11__AAT73273.1,mdscoring_5.pdb,-173.21,False
-441.068, 0, 0, 0, 0, -89.6469, -351.421, 0, 0, 0, 0, 0, 0, 0, 0,-8.43162,2634.75,3C11__AAT73273.1,mdscoring_6.pdb,-168.36,False
-509.612, 0, 0, 0, 0, -86.0117, -423.6, 0, 0, 0, 0, 0, 0, 0, 0,-5.70313,2466.96,AVFluIgG01__AAT73273.1,mdscoring_3.pdb,-176.43,True
-479.103, 0, 0, 0, 0, -82.2478, -396.855, 0, 0, 0, 0, 0, 0, 0, 0,-6.07546,2339.25,AVFluIgG01__AAT73273.1,mdscoring_1.pdb,-167.69,False
-472.329, 0, 0, 0, 0, -65.5197, -406.81, 0, 0, 0, 0, 0, 0, 0, 0,-6.14277,2168.49,AVFluIgG01__AAT73273.1,mdscoring_5.pdb,-153.02,False
-417.307, 0, 0, 0, 0, -74.5363, -342.77, 0, 0, 0, 0, 0, 0, 0, 0,-9.62699,2237.25,AVFluIgG01__AAT73273.1,mdscoring_6.pdb,-152.72,False
-468.328, 0, 0, 0, 0, -66.2194, -402.108, 0, 0, 0, 0, 0, 0, 0, 0,-3.88662,2195.68,AVFluIgG01__AAT73273.1,mdscoring_2.pdb,-150.53,False
-377.289, 0, 0, 0, 0, -76.9563, -300.333, 0, 0, 0, 0, 0, 0, 0, 0,-5.22667,2138.85,AVFluIgG01__AAT73273.1,mdscoring_8.pdb,-142.25,False
-321.033, 0, 0, 0, 0, -83.8959, -237.137, 0, 0, 0, 0, 0, 0, 0, 0,2.55267,2058.86,AVFluIgG01__AAT73273.1,mdscoring_9.pdb,-128.77,False
-368.633, 0, 0, 0, 0, -60.378, -308.255, 0, 0, 0, 0, 0, 0, 0, 0,-2.95865,2016.11,AVFluIgG01__AAT73273.1,mdscoring_4.pdb,-124.99,False
-300.295, 0, 0, 0, 0, -70.3261, -229.969, 0, 0, 0, 0, 0, 0, 0, 0,-3.871719E-02,1845.5,AVFluIgG01__AAT73273.1,mdscoring_7.pdb,-116.36,False
-359.23, 0, 0, 0, 0, -52.9758, -306.255, 0, 0, 0, 0, 0, 0, 0, 0,6.91109,1676.08,AVFluIgG01__AAT73273.1,mdscoring_10.pdb,-107.32,False
-508.573, 0, 0, 0, 0, -80.548, -428.025, 0, 0, 0, 0, 0, 0, 0, 0,1.94203,2215.61,FLD21.140__AAT73273.1,mdscoring_1.pdb,-164.21,True
-493.686, 0, 0, 0, 0, -74.623, -419.063, 0, 0, 0, 0, 0, 0, 0, 0,6.351175E-02,2414.13,FLD21.140__AAT73273.1,mdscoring_2.pdb,-158.37,False
-465.054, 0, 0, 0, 0, -76.6107, -388.443, 0, 0, 0, 0, 0, 0, 0, 0,2.68644,2228.67,FLD21.140__AAT73273.1,mdscoring_9.pdb,-151.61,False
-381.837, 0, 0, 0, 0, -83.9476, -297.889, 0, 0, 0, 0, 0, 0, 0, 0,-2.03414,2291.06,FLD21.140__AAT73273.1,mdscoring_5.pdb,-145.56,False
-410.338, 0, 0, 0, 0, -81.9113, -328.426, 0, 0, 0, 0, 0, 0, 0, 0,2.17335,1960.03,FLD21.140__AAT73273.1,mdscoring_6.pdb,-145.42,False
-459.481, 0, 0, 0, 0, -76.4415, -383.039, 0, 0, 0, 0, 0, 0, 0, 0,8.6187,2191.53,FLD21.140__AAT73273.1,mdscoring_3.pdb,-144.43,False
-416.6, 0, 0, 0, 0, -73.6012, -342.999, 0, 0, 0, 0, 0, 0, 0, 0,0.350811,2177.14,FLD21.140__AAT73273.1,mdscoring_7.pdb,-141.85,False
-467.777, 0, 0, 0, 0, -70.5648, -397.213, 0, 0, 0, 0, 0, 0, 0, 0,12.6153,2099.5,FLD21.140__AAT73273.1,mdscoring_4.pdb,-137.39,False
-361.922, 0, 0, 0, 0, -74.2537, -287.669, 0, 0, 0, 0, 0, 0, 0, 0,3.30668,2004.99,FLD21.140__AAT73273.1,mdscoring_10.pdb,-128.48,False
-405.754, 0, 0, 0, 0, -55.1687, -350.585, 0, 0, 0, 0, 0, 0, 0, 0,2.8587,1958.03,FLD21.140__AAT73273.1,mdscoring_8.pdb,-122.43,False
-557.985, 0, 0, 0, 0, -87.795, -470.19, 0, 0, 0, 0, 0, 0, 0, 0,-10.9315,2405.51,13D4__AAT73273.1,mdscoring_1.pdb,-192.76,True
-548.173, 0, 0, 0, 0, -81.1196, -467.054, 0, 0, 0, 0, 0, 0, 0, 0,-10.4923,2343.95,13D4__AAT73273.1,mdscoring_9.pdb,-185.02,False
-601.375, 0, 0, 0, 0, -80.0443, -521.331, 0, 0, 0, 0, 0, 0, 0, 0,-0.344272,2298.98,13D4__AAT73273.1,mdscoring_7.pdb,-184.65,False
-548.779, 0, 0, 0, 0, -80.6449, -468.134, 0, 0, 0, 0, 0, 0, 0, 0,-9.77288,2297.93,13D4__AAT73273.1,mdscoring_8.pdb,-184.04,False
-556.682, 0, 0, 0, 0, -78.6517, -478.03, 0, 0, 0, 0, 0, 0, 0, 0,-4.6394,2230.39,13D4__AAT73273.1,mdscoring_2.pdb,-178.9,False
-525.498, 0, 0, 0, 0, -84.5767, -440.921, 0, 0, 0, 0, 0, 0, 0, 0,-4.64114,2243.95,13D4__AAT73273.1,mdscoring_5.pdb,-177.4,False
-534.508, 0, 0, 0, 0, -78.3236, -456.184, 0, 0, 0, 0, 0, 0, 0, 0,-4.18631,2176.74,13D4__AAT73273.1,mdscoring_4.pdb,-173.75,False
-512.146, 0, 0, 0, 0, -78.3365, -433.81, 0, 0, 0, 0, 0, 0, 0, 0,-4.48633,2348.08,13D4__AAT73273.1,mdscoring_3.pdb,-169.58,False
-452.499, 0, 0, 0, 0, -65.6011, -386.898, 0, 0, 0, 0, 0, 0, 0, 0,-6.40192,2068.8,13D4__AAT73273.1,mdscoring_6.pdb,-149.38,False
-420.521, 0, 0, 0, 0, -60.7659, -359.755, 0, 0, 0, 0, 0, 0, 0, 0,-4.15007,2036.1,13D4__AAT73273.1,mdscoring_10.pdb,-136.87,False
-529.39, 0, 0, 0, 0, -86.2174, -443.172, 0, 0, 0, 0, 0, 0, 0, 0,-3.91919,2206.9,AVFluIgG03__AAT73273.1,mdscoring_3.pdb,-178.77,True
-488.372, 0, 0, 0, 0, -79.7936, -408.579, 0, 0, 0, 0, 0, 0, 0, 0,-4.72579,2128.2,AVFluIgG03__AAT73273.1,mdscoring_5.pdb,-166.24,False
-501.181, 0, 0, 0, 0, -87.7124, -413.469, 0, 0, 0, 0, 0, 0, 0, 0,6.30068,2235.06,AVFluIgG03__AAT73273.1,mdscoring_7.pdb,-164.11,False
-471.513, 0, 0, 0, 0, -84.6027, -386.911, 0, 0, 0, 0, 0, 0, 0, 0,-1.04925,2270.18,AVFluIgG03__AAT73273.1,mdscoring_6.pdb,-163.03,False
-461.782, 0, 0, 0, 0, -79.3805, -382.402, 0, 0, 0, 0, 0, 0, 0, 0,-6.19818,2098.87,AVFluIgG03__AAT73273.1,mdscoring_8.pdb,-162.06,False
-468.205, 0, 0, 0, 0, -72.8229, -395.382, 0, 0, 0, 0, 0, 0, 0, 0,-1.01496,2057.97,AVFluIgG03__AAT73273.1,mdscoring_1.pdb,-152.91,False
-498.249, 0, 0, 0, 0, -67.8733, -430.376, 0, 0, 0, 0, 0, 0, 0, 0,2.67844,2018.06,AVFluIgG03__AAT73273.1,mdscoring_10.pdb,-151.27,False
-447.051, 0, 0, 0, 0, -69.2735, -377.778, 0, 0, 0, 0, 0, 0, 0, 0,-4.42864,1961.6,AVFluIgG03__AAT73273.1,mdscoring_9.pdb,-149.26,False
-401.95, 0, 0, 0, 0, -73.0729, -328.877, 0, 0, 0, 0, 0, 0, 0, 0,-3.6711,2083.7,AVFluIgG03__AAT73273.1,mdscoring_2.pdb,-142.52,False
-453.249, 0, 0, 0, 0, -62.6034, -390.645, 0, 0, 0, 0, 0, 0, 0, 0,-1.5247,1998.15,AVFluIgG03__AAT73273.1,mdscoring_4.pdb,-142.26,False
-545.71, 0, 0, 0, 0, -77.0364, -468.673, 0, 0, 0, 0, 0, 0, 0, 0,-14.8061,2369.87,12H5__AAT73273.1,mdscoring_2.pdb,-185.58,True
-571.101, 0, 0, 0, 0, -62.2622, -508.839, 0, 0, 0, 0, 0, 0, 0, 0,-12.241,2371.15,12H5__AAT73273.1,mdscoring_3.pdb,-176.27,False
-486.326, 0, 0, 0, 0, -79.0584, -407.268, 0, 0, 0, 0, 0, 0, 0, 0,-13.4013,2395.04,12H5__AAT73273.1,mdscoring_6.pdb,-173.91,False
-589.549, 0, 0, 0, 0, -53.0692, -536.48, 0, 0, 0, 0, 0, 0, 0, 0,-12.5679,2343.37,12H5__AAT73273.1,mdscoring_4.pdb,-172.93,False
-472.945, 0, 0, 0, 0, -72.2458, -400.7, 0, 0, 0, 0, 0, 0, 0, 0,-20.2802,2244.83,12H5__AAT73273.1,mdscoring_1.pdb,-172.67,False
-494.07, 0, 0, 0, 0, -67.493, -426.577, 0, 0, 0, 0, 0, 0, 0, 0,-18.5703,2498.8,12H5__AAT73273.1,mdscoring_8.pdb,-171.38,False
-468.647, 0, 0, 0, 0, -71.8454, -396.802, 0, 0, 0, 0, 0, 0, 0, 0,-19.4379,2341.46,12H5__AAT73273.1,mdscoring_7.pdb,-170.64,False
-495.944, 0, 0, 0, 0, -66.4627, -429.481, 0, 0, 0, 0, 0, 0, 0, 0,-15.3196,2246.86,12H5__AAT73273.1,mdscoring_10.pdb,-167.68,False
-466.177, 0, 0, 0, 0, -71.7889, -394.388, 0, 0, 0, 0, 0, 0, 0, 0,-16.6231,2273.27,12H5__AAT73273.1,mdscoring_9.pdb,-167.29,False
-471.97, 0, 0, 0, 0, -63.6102, -408.36, 0, 0, 0, 0, 0, 0, 0, 0,-18.8772,2160.74,12H5__AAT73273.1,mdscoring_5.pdb,-164.16,False
